sam_address_id,full_address,mailing_neighborhood,state,zip_code,x_coord,y_coord,recollect,trashday,pwd_district
1,6-10 A St,Hyde Park,MA,2136,-71.12503678,42.25061753,T,T,8
2,15 A St,Hyde Park,MA,2136,-71.12489173,42.2503194,T,T,8
4,7 A St,Hyde Park,MA,2136,-71.12540084,42.25045962,T,T,8
11,10 A St,South Boston,MA,2127,-71.05680048,42.34087952,F5,F,5
16,172-174 A St,Boston,MA,2210,-71.05314847,42.34483651,TH5,TH,5
17,176-178 A St,Boston,MA,2210,-71.05306046,42.34495751,TH5,TH,5
20,21 A St,South Boston,MA,2127,-71.05641314,42.3408231,F5,F,5
22,232 A St,Boston,MA,2210,-71.05165311,42.34669337,TH5,TH,5
23,249-259 A St,Boston,MA,2210,-71.05081746,42.34702151,TH5,TH,5
24,261-275 A St,Boston,MA,2210,-71.05010151,42.34775076,TH5,TH,5
25,288-304 A St,Boston,MA,2210,-71.05021145,42.34840251,TH5,TH,5
28,29 A St,South Boston,MA,2127,-71.05628339,42.34092842,F5,F,5
30,324 A St,Boston,MA,2210,-71.04952112,42.34927414,TH5,TH,5
31,326 A St,Boston,MA,2210,-71.04944745,42.34944551,TH5,TH,5
32,326 A St #1-A,Boston,MA,2210,-71.04944745,42.34944551,TH5,TH,5
33,326 A St #1-B,Boston,MA,2210,-71.04944745,42.34944551,TH5,TH,5
34,326 A St #1-C,Boston,MA,2210,-71.04944745,42.34944551,TH5,TH,5
35,326 A St #2-A,Boston,MA,2210,-71.04944745,42.34944551,TH5,TH,5
36,326 A St #2-B,Boston,MA,2210,-71.04944745,42.34944551,TH5,TH,5
37,326 A St #2-C,Boston,MA,2210,-71.04944745,42.34944551,TH5,TH,5
38,326 A St #3-A,Boston,MA,2210,-71.04944745,42.34944551,TH5,TH,5
39,326 A St #3-B,Boston,MA,2210,-71.04944745,42.34944551,TH5,TH,5
40,326 A St #3-C,Boston,MA,2210,-71.04944745,42.34944551,TH5,TH,5
41,326 A St #4-A,Boston,MA,2210,-71.04944745,42.34944551,TH5,TH,5
42,326 A St #4-B,Boston,MA,2210,-71.04944745,42.34944551,TH5,TH,5
43,326 A St #4-C,Boston,MA,2210,-71.04944745,42.34944551,TH5,TH,5
44,326 A St #5-A,Boston,MA,2210,-71.04944745,42.34944551,TH5,TH,5
45,326 A St #5-B,Boston,MA,2210,-71.04944745,42.34944551,TH5,TH,5
46,326 A St #5-C,Boston,MA,2210,-71.04944745,42.34944551,TH5,TH,5
47,326 A St #6-A,Boston,MA,2210,-71.04944745,42.34944551,TH5,TH,5
48,326 A St #6-B,Boston,MA,2210,-71.04944745,42.34944551,TH5,TH,5
49,326 A St #6-C,Boston,MA,2210,-71.04944745,42.34944551,TH5,TH,5
50,36 A St,South Boston,MA,2127,-71.05632307,42.34131013,F5,F,5
51,42 A St,South Boston,MA,2127,-71.05615123,42.34145379,F5,F,5
52,45 A St,South Boston,MA,2127,-71.05574048,42.34145952,F5,F,5
53,66-72 A St,South Boston,MA,2127,-71.05540987,42.3421562,TH5,TH,5
55,69-71 A St,South Boston,MA,2127,-71.05484048,42.34195952,TH5,TH,5
56,80-82 A St,South Boston,MA,2127,-71.05507048,42.34242952,TH5,TH,5
57,80 A St #5,South Boston,MA,2127,-71.05507048,42.34242952,TH5,TH,5
58,80 A St #6,South Boston,MA,2127,-71.05507048,42.34242952,TH5,TH,5
59,84-90 A St,South Boston,MA,2127,-71.05484647,42.34254052,TH5,TH,5
60,85 A St,South Boston,MA,2127,-71.05461047,42.34240952,TH5,TH,5
61,87 A St,South Boston,MA,2127,-71.05456747,42.34244652,TH5,TH,5
62,10-12 Abbot St,Dorchester,MA,2124,-71.08605065,42.29743956,M,M,3
63,14 Abbot St,Dorchester,MA,2124,-71.08586065,42.29727956,M,M,3
64,15 Abbot St,Dorchester,MA,2124,-71.08625065,42.29703956,M,M,3
65,16 Abbot St,Dorchester,MA,2124,-71.08573065,42.29712956,M,M,3
66,17 Abbot St,Dorchester,MA,2124,-71.08618065,42.29693956,M,M,3
67,18 Abbot St,Dorchester,MA,2124,-71.08567065,42.29701956,M,M,3
68,19 Abbot St,Dorchester,MA,2124,-71.08612065,42.29681956,M,M,3
69,19 Abbot St #1,Dorchester,MA,2124,-71.08612065,42.29681956,M,M,3
70,19 Abbot St #2,Dorchester,MA,2124,-71.08612065,42.29681956,M,M,3
71,2 Abbot St,Dorchester,MA,2124,-71.08669318,42.29771714,M,M,3
72,20 Abbot St,Dorchester,MA,2124,-71.08559165,42.29683956,M,M,3
73,20 Abbot St #1,Dorchester,MA,2124,-71.08559165,42.29683956,M,M,3
74,20 Abbot St #2,Dorchester,MA,2124,-71.08559165,42.29683956,M,M,3
75,20 Abbot St #3,Dorchester,MA,2124,-71.08559165,42.29683956,M,M,3
76,20 Abbot St #4,Dorchester,MA,2124,-71.08559165,42.29683956,M,M,3
77,21 Abbot St,Dorchester,MA,2124,-71.08607065,42.29670956,M,M,3
78,22 Abbot St,Dorchester,MA,2124,-71.08554065,42.29671956,M,M,3
79,23 Abbot St,Dorchester,MA,2124,-71.08602065,42.29659956,M,M,3
80,24 Abbot St,Dorchester,MA,2124,-71.08552485,42.29660542,M,M,3
81,25 Abbot St,Dorchester,MA,2124,-71.08595065,42.29646956,M,M,3
82,26 Abbot St,Dorchester,MA,2124,-71.08544065,42.29647956,M,M,3
83,27 Abbot St,Dorchester,MA,2124,-71.08589065,42.29628956,M,M,3
84,28 Abbot St,Dorchester,MA,2124,-71.08538065,42.29629956,M,M,3
85,29 Abbot St,Dorchester,MA,2124,-71.08585065,42.29616956,M,M,3
86,30 Abbot St,Dorchester,MA,2124,-71.08534065,42.29618956,M,M,3
87,31 Abbot St,Dorchester,MA,2124,-71.08577065,42.29604956,M,M,3
88,32 Abbot St,Dorchester,MA,2124,-71.08533065,42.29605956,M,M,3
89,34 Abbot St,Dorchester,MA,2124,-71.08530677,42.29591978,M,M,3
90,35 Abbot St,Dorchester,MA,2124,-71.08563065,42.29578956,M,M,3
91,36 Abbot St,Dorchester,MA,2124,-71.08523065,42.29583956,M,M,3
92,4 Abbot St,Dorchester,MA,2124,-71.08643065,42.29769956,M,M,3
93,6 Abbot St,Dorchester,MA,2124,-71.08628065,42.29759956,M,M,3
94,9-11 Abbot St,Dorchester,MA,2124,-71.08650065,42.29722956,M,M,3
95,1 Abbotsford St,Dorchester,MA,2121,-71.09318062,42.31464957,MTH,MTH,10
96,11 Abbotsford St,Dorchester,MA,2121,-71.09235062,42.31436957,MTH,MTH,10
98,15 Abbotsford St,Dorchester,MA,2121,-71.09218062,42.31431957,MTH,MTH,10
99,17 Abbotsford St,Dorchester,MA,2121,-71.09188062,42.31422957,MTH,MTH,10
100,18-20 Abbotsford St,Dorchester,MA,2121,-71.09276062,42.31488957,MTH,MTH,10
101,22-24 Abbotsford St,Dorchester,MA,2121,-71.09254062,42.31475957,MTH,MTH,10
102,26-28 Abbotsford St,Dorchester,MA,2121,-71.09235062,42.31469957,MTH,MTH,10
103,3 Abbotsford St,Dorchester,MA,2121,-71.09301062,42.31459957,MTH,MTH,10
104,30 Abbotsford St,Dorchester,MA,2121,-71.09218062,42.31465957,MTH,MTH,10
105,34-36 Abbotsford St,Dorchester,MA,2121,-71.09202062,42.31456957,MTH,MTH,10
106,35 Abbotsford St,Dorchester,MA,2121,-71.09137062,42.31409957,MTH,MTH,10
107,37 Abbotsford St,Dorchester,MA,2121,-71.09127062,42.31403957,MTH,MTH,10
108,38-40 Abbotsford St,Dorchester,MA,2121,-71.09184062,42.31450957,MTH,MTH,10
109,5 Abbotsford St,Dorchester,MA,2121,-71.09285062,42.31453957,MTH,MTH,10
110,7 Abbotsford St,Dorchester,MA,2121,-71.09268062,42.31447957,MTH,MTH,10
111,9 Abbotsford St,Dorchester,MA,2121,-71.09250062,42.31442957,MTH,MTH,10
112,9 Abbotsford St #1,Dorchester,MA,2121,-71.09250062,42.31442957,MTH,MTH,10
113,9 Abbotsford St #2,Dorchester,MA,2121,-71.09250062,42.31442957,MTH,MTH,10
114,9 Abbotsford St #3,Dorchester,MA,2121,-71.09250062,42.31442957,MTH,MTH,10
116,10-12 Abby Rd,Brighton,MA,2135,-71.14177063,42.36130963,F,F,4
118,16 Abby Rd,Brighton,MA,2135,-71.14194063,42.36132963,F,F,4
119,18 Abby Rd,Brighton,MA,2135,-71.14200563,42.36132163,F,F,4
120,22 Abby Rd,Brighton,MA,2135,-71.14214063,42.36126963,F,F,4
121,22 Abby Rd # 1,Brighton,MA,2135,-71.14214063,42.36126963,F,F,4
122,22 Abby Rd # 2,Brighton,MA,2135,-71.14214063,42.36126963,F,F,4
123,22 Abby Rd # 3,Brighton,MA,2135,-71.14214063,42.36126963,F,F,4
124,23 Abby Rd,Brighton,MA,2135,-71.14230063,42.36158963,F,F,4
125,3-5 Abby Rd,Brighton,MA,2135,-71.14148063,42.36143963,F,F,4
126,10 Aberdeen St,Boston,MA,2215,-71.10367058,42.34640958,TF,TF,10
127,11 Aberdeen St #11-A,Boston,MA,2215,-71.10398058,42.34627958,TF,TF,10
128,11 Aberdeen St #11-B,Boston,MA,2215,-71.10398058,42.34627958,TF,TF,10
129,11 Aberdeen St #11-C,Boston,MA,2215,-71.10398058,42.34627958,TF,TF,10
130,11 Aberdeen St #11-D,Boston,MA,2215,-71.10398058,42.34627958,TF,TF,10
131,11 Aberdeen St #11-E,Boston,MA,2215,-71.10398058,42.34627958,TF,TF,10
132,11 Aberdeen St #11-1,Boston,MA,2215,-71.10398058,42.34627958,TF,TF,10
133,11 Aberdeen St #11-1A,Boston,MA,2215,-71.10398058,42.34627958,TF,TF,10
134,11 Aberdeen St #11-2,Boston,MA,2215,-71.10398058,42.34627958,TF,TF,10
135,11 Aberdeen St #11-2A,Boston,MA,2215,-71.10398058,42.34627958,TF,TF,10
136,11 Aberdeen St #11-3,Boston,MA,2215,-71.10398058,42.34627958,TF,TF,10
137,11 Aberdeen St #11-3A,Boston,MA,2215,-71.10398058,42.34627958,TF,TF,10
138,11 Aberdeen St #11-4,Boston,MA,2215,-71.10398058,42.34627958,TF,TF,10
139,11 Aberdeen St #11-4A,Boston,MA,2215,-71.10398058,42.34627958,TF,TF,10
140,11 Aberdeen St #11-5,Boston,MA,2215,-71.10398058,42.34627958,TF,TF,10
141,11 Aberdeen St #11-5A,Boston,MA,2215,-71.10398058,42.34627958,TF,TF,10
142,11 Aberdeen St #11-6,Boston,MA,2215,-71.10398058,42.34627958,TF,TF,10
143,11 Aberdeen St #11-6A,Boston,MA,2215,-71.10398058,42.34627958,TF,TF,10
144,12 Aberdeen St,Boston,MA,2215,-71.10364058,42.34633958,TF,TF,10
145,12 Aberdeen St # 1,Boston,MA,2215,-71.10364058,42.34633958,TF,TF,10
146,12 Aberdeen St # 2,Boston,MA,2215,-71.10364058,42.34633958,TF,TF,10
147,12 Aberdeen St # 3,Boston,MA,2215,-71.10364058,42.34633958,TF,TF,10
148,14 Aberdeen St,Boston,MA,2215,-71.10361558,42.34628858,TF,TF,10
149,15 Aberdeen St #15-AB,Boston,MA,2215,-71.10396301,42.3461968,TF,TF,10
150,15 Aberdeen St #15-C,Boston,MA,2215,-71.10396301,42.3461968,TF,TF,10
151,15 Aberdeen St #15-1,Boston,MA,2215,-71.10396301,42.3461968,TF,TF,10
152,15 Aberdeen St #15-2,Boston,MA,2215,-71.10396301,42.3461968,TF,TF,10
153,15 Aberdeen St #15-3,Boston,MA,2215,-71.10396301,42.3461968,TF,TF,10
154,15 Aberdeen St #15-4,Boston,MA,2215,-71.10396301,42.3461968,TF,TF,10
155,15 Aberdeen St #15-5,Boston,MA,2215,-71.10396301,42.3461968,TF,TF,10
156,15 Aberdeen St #15-6,Boston,MA,2215,-71.10396301,42.3461968,TF,TF,10
157,17 Aberdeen St #17-A,Boston,MA,2215,-71.10391062,42.34612244,TF,TF,10
158,17 Aberdeen St #17-B,Boston,MA,2215,-71.10391062,42.34612244,TF,TF,10
159,17 Aberdeen St #17-C,Boston,MA,2215,-71.10391062,42.34612244,TF,TF,10
160,17 Aberdeen St #17-D,Boston,MA,2215,-71.10391062,42.34612244,TF,TF,10
161,17 Aberdeen St #17-1,Boston,MA,2215,-71.10391062,42.34612244,TF,TF,10
162,17 Aberdeen St #17-2,Boston,MA,2215,-71.10391062,42.34612244,TF,TF,10
163,17 Aberdeen St #17-3,Boston,MA,2215,-71.10391062,42.34612244,TF,TF,10
164,17 Aberdeen St #17-4,Boston,MA,2215,-71.10391062,42.34612244,TF,TF,10
165,17 Aberdeen St #17-5,Boston,MA,2215,-71.10391062,42.34612244,TF,TF,10
166,17 Aberdeen St #17-6,Boston,MA,2215,-71.10391062,42.34612244,TF,TF,10
167,19 Aberdeen St #19-1,Boston,MA,2215,-71.10387058,42.34605958,TF,TF,10
168,19 Aberdeen St #19-2,Boston,MA,2215,-71.10387058,42.34605958,TF,TF,10
169,19 Aberdeen St #19-3,Boston,MA,2215,-71.10387058,42.34605958,TF,TF,10
170,19 Aberdeen St #19-4,Boston,MA,2215,-71.10387058,42.34605958,TF,TF,10
171,19 Aberdeen St #19-5,Boston,MA,2215,-71.10387058,42.34605958,TF,TF,10
172,19 Aberdeen St #19-6,Boston,MA,2215,-71.10387058,42.34605958,TF,TF,10
173,21 Aberdeen St #21-A,Boston,MA,2215,-71.10384058,42.34598958,TF,TF,10
174,21 Aberdeen St #21-B,Boston,MA,2215,-71.10384058,42.34598958,TF,TF,10
175,21 Aberdeen St #21-C,Boston,MA,2215,-71.10384058,42.34598958,TF,TF,10
176,21 Aberdeen St #21-D,Boston,MA,2215,-71.10384058,42.34598958,TF,TF,10
177,21 Aberdeen St #21-E,Boston,MA,2215,-71.10384058,42.34598958,TF,TF,10
178,21 Aberdeen St #21-1,Boston,MA,2215,-71.10384058,42.34598958,TF,TF,10
179,21 Aberdeen St #21-2,Boston,MA,2215,-71.10384058,42.34598958,TF,TF,10
180,21 Aberdeen St #21-3,Boston,MA,2215,-71.10384058,42.34598958,TF,TF,10
181,21 Aberdeen St #21-4,Boston,MA,2215,-71.10384058,42.34598958,TF,TF,10
182,21 Aberdeen St #21-5,Boston,MA,2215,-71.10384058,42.34598958,TF,TF,10
183,21 Aberdeen St #21-6,Boston,MA,2215,-71.10384058,42.34598958,TF,TF,10
184,23 Aberdeen St,Boston,MA,2215,-71.10381058,42.34591958,TF,TF,10
185,25 Aberdeen St,Boston,MA,2215,-71.10379058,42.34584958,TF,TF,10
186,27 Aberdeen St,Boston,MA,2215,-71.10375058,42.34576958,TF,TF,10
187,28 Aberdeen St,Boston,MA,2215,-71.10355058,42.34617958,TF,TF,10
189,7 Aberdeen St #7-1,Boston,MA,2215,-71.10403058,42.34641958,TF,TF,10
190,7 Aberdeen St #7-2,Boston,MA,2215,-71.10403058,42.34641958,TF,TF,10
191,7 Aberdeen St #7-3,Boston,MA,2215,-71.10403058,42.34641958,TF,TF,10
192,7 Aberdeen St #7-4,Boston,MA,2215,-71.10403058,42.34641958,TF,TF,10
193,7 Aberdeen St #7-5,Boston,MA,2215,-71.10403058,42.34641958,TF,TF,10
194,7 Aberdeen St #7-6,Boston,MA,2215,-71.10403058,42.34641958,TF,TF,10
195,7 Aberdeen St #7-7,Boston,MA,2215,-71.10403058,42.34641958,TF,TF,10
196,7 Aberdeen St #7-8,Boston,MA,2215,-71.10403058,42.34641958,TF,TF,10
197,7 Aberdeen St #7-9,Boston,MA,2215,-71.10403058,42.34641958,TF,TF,10
198,7 Aberdeen St #7-10,Boston,MA,2215,-71.10403058,42.34641958,TF,TF,10
199,7 Aberdeen St #7-11,Boston,MA,2215,-71.10403058,42.34641958,TF,TF,10
200,8 Aberdeen St,Boston,MA,2215,-71.10370057,42.34646958,TF,TF,10
201,10 Acacia Rd,West Roxbury,MA,2132,-71.16121087,42.27363967,F,F,6
202,11 Acacia Rd,West Roxbury,MA,2132,-71.16100087,42.27393967,F,F,6
203,15 Acacia Rd,West Roxbury,MA,2132,-71.16113087,42.27398967,F,F,6
204,18 Acacia Rd,West Roxbury,MA,2132,-71.16144087,42.27379967,F,F,6
205,19 Acacia Rd,West Roxbury,MA,2132,-71.16126087,42.27405967,F,F,6
206,23 Acacia Rd,West Roxbury,MA,2132,-71.16136087,42.27409967,F,F,6
207,6 Acacia Rd,West Roxbury,MA,2132,-71.16107087,42.27358967,F,F,6
211,102-104 Academy Hill Rd,Brighton,MA,2135,-71.15449069,42.34582965,TH,TH,4
212,106 Academy Hill Rd,Brighton,MA,2135,-71.15458069,42.34566965,TH,TH,4
213,107 Academy Hill Rd,Brighton,MA,2135,-71.15495069,42.34576965,TH,TH,4
214,109 Academy Hill Rd,Brighton,MA,2135,-71.15504069,42.34563965,TH,TH,4
215,110 Academy Hill Rd,Brighton,MA,2135,-71.15470069,42.34553965,TH,TH,4
216,112 Academy Hill Rd,Brighton,MA,2135,-71.15475969,42.34540665,TH,TH,4
217,117 Academy Hill Rd,Brighton,MA,2135,-71.15525069,42.34535965,TH,TH,4
218,124 Academy Hill Rd,Brighton,MA,2135,-71.15502069,42.34504965,TH,TH,4
219,127 Academy Hill Rd,Brighton,MA,2135,-71.15556069,42.34509965,TH,TH,4
220,128 Academy Hill Rd,Brighton,MA,2135,-71.15511069,42.34484965,TH,TH,4
221,13-15 Academy Hill Rd,Brighton,MA,2135,-71.15300268,42.34865464,T,T,4
222,136 Academy Hill Rd,Brighton,MA,2135,-71.1552507,42.34457965,TH,TH,4
223,19-23 Academy Hill Rd,Brighton,MA,2135,-71.15311068,42.34856964,T,T,4
224,20 Academy Hill Rd,Brighton,MA,2135,-71.15278468,42.34839864,T,T,4
225,24 Academy Hill Rd,Brighton,MA,2135,-71.15285068,42.34823964,T,T,4
226,28 Academy Hill Rd,Brighton,MA,2135,-71.15297068,42.34806965,T,T,4
227,2A-2B Academy Hill Rd,Brighton,MA,2135,-71.15253068,42.34888964,T,T,4
228,30 Academy Hill Rd,Brighton,MA,2135,-71.15300068,42.34802965,T,T,4
229,32 Academy Hill Rd,Brighton,MA,2135,-71.15303068,42.34797965,T,T,4
230,34 Academy Hill Rd,Brighton,MA,2135,-71.15306068,42.34791965,T,T,4
232,4-10 Academy Hill Rd,Brighton,MA,2135,-71.15257468,42.34877664,T,T,4
233,71 Academy Hill Rd,Brighton,MA,2135,-71.15426069,42.34683965,TH,TH,4
234,75 Academy Hill Rd,Brighton,MA,2135,-71.15435069,42.34669965,TH,TH,4
235,81 Academy Hill Rd,Brighton,MA,2135,-71.15446069,42.34649965,TH,TH,4
236,82 Academy Hill Rd,Brighton,MA,2135,-71.15415069,42.34640965,TH,TH,4
237,82 Academy Hill Rd #1,Brighton,MA,2135,-71.15415069,42.34640965,TH,TH,4
238,82 Academy Hill Rd #2,Brighton,MA,2135,-71.15415069,42.34640965,TH,TH,4
239,86 Academy Hill Rd,Brighton,MA,2135,-71.15420069,42.34621965,TH,TH,4
240,87-89 Academy Hill Rd,Brighton,MA,2135,-71.15474069,42.34629965,TH,TH,4
241,90 Academy Hill Rd,Brighton,MA,2135,-71.15427069,42.34607965,TH,TH,4
242,91-93 Academy Hill Rd,Brighton,MA,2135,-71.15477069,42.34614965,TH,TH,4
243,96 Academy Hill Rd,Brighton,MA,2135,-71.15437069,42.34594965,TH,TH,4
244,97 Academy Hill Rd,Brighton,MA,2135,-71.15488069,42.34600965,TH,TH,4
245,9A-9B Academy Hill Rd,Brighton,MA,2135,-71.15291968,42.34879765,T,T,4
247,1-3 Acadia St,South Boston,MA,2127,-71.03015043,42.33793948,TH5,TH,5
248,11hf Acadia St,South Boston,MA,2127,-71.03013043,42.33771948,TH5,TH,5
249,11hf Acadia St # 1,South Boston,MA,2127,-71.03013043,42.33771948,TH5,TH,5
250,11hf Acadia St # 2,South Boston,MA,2127,-71.03013043,42.33771948,TH5,TH,5
251,11hf Acadia St # 3,South Boston,MA,2127,-71.03013043,42.33771948,TH5,TH,5
252,12 Acadia St,South Boston,MA,2127,-71.02983043,42.33785948,TH5,TH,5
253,12 Acadia St # 1,South Boston,MA,2127,-71.02983043,42.33785948,TH5,TH,5
254,12 Acadia St # 2,South Boston,MA,2127,-71.02983043,42.33785948,TH5,TH,5
255,14 Acadia St,South Boston,MA,2127,-71.02983043,42.33778948,TH5,TH,5
256,7-9 Acadia St,South Boston,MA,2127,-71.03014043,42.33780948,TH5,TH,5
257,7-9 Acadia St # 1,South Boston,MA,2127,-71.03014043,42.33780948,TH5,TH,5
258,7-9 Acadia St # 2,South Boston,MA,2127,-71.03014043,42.33780948,TH5,TH,5
259,7-9 Acadia St # 3,South Boston,MA,2127,-71.03014043,42.33780948,TH5,TH,5
260,7-9 Acadia St # 4,South Boston,MA,2127,-71.03014043,42.33780948,TH5,TH,5
261,1 Achorn Cir,Jamaica Plain,MA,2130,-71.11629069,42.3079496,M,M,2
262,1 Achorn Cir # 1,Jamaica Plain,MA,2130,-71.11629069,42.3079496,M,M,2
263,1 Achorn Cir # 2,Jamaica Plain,MA,2130,-71.11629069,42.3079496,M,M,2
264,1 Achorn Cir # 3,Jamaica Plain,MA,2130,-71.11629069,42.3079496,M,M,2
265,2-4 Achorn Cir,Jamaica Plain,MA,2130,-71.11625069,42.3078396,M,M,2
266,15 Ackley Pl,Jamaica Plain,MA,2130,-71.10369065,42.31137959,F,F,2
268,19 Ackley Pl,Jamaica Plain,MA,2130,-71.10385065,42.31141959,F,F,2
269,19-19H Ackley Pl # 1,Jamaica Plain,MA,2130,-71.10385065,42.31141959,F,F,2
270,19-19H Ackley Pl # 2,Jamaica Plain,MA,2130,-71.10385065,42.31141959,F,F,2
271,19-19H Ackley Pl # 3,Jamaica Plain,MA,2130,-71.10385065,42.31141959,F,F,2
272,20 Ackley Pl,Jamaica Plain,MA,2130,-71.10391366,42.31124059,F,F,2
273,7-11 Ackley Pl,Jamaica Plain,MA,2130,-71.10348065,42.31125959,F,F,2
274,1 Acorn St,Boston,MA,2108,-71.06857047,42.35760953,MF,MF,1
275,1 A Acorn St,Boston,MA,2108,-71.06848647,42.35763253,MF,MF,1
276,2 Acorn St,Boston,MA,2108,-71.06865047,42.35759953,MF,MF,1
277,3 Acorn St,Boston,MA,2108,-71.06874047,42.35756953,MF,MF,1
278,4 Acorn St,Boston,MA,2108,-71.06882047,42.35754953,MF,MF,1
279,5 Acorn St,Boston,MA,2108,-71.06890047,42.35753953,MF,MF,1
280,6 Acorn St,Boston,MA,2108,-71.06898047,42.35751953,MF,MF,1
281,7 Acorn St,Boston,MA,2108,-71.06905047,42.35749953,MF,MF,1
282,8 Acorn St,Boston,MA,2108,-71.06910047,42.35748953,MF,MF,1
287,15 Acton St,Hyde Park,MA,2136,-71.14007087,42.25184965,T,T,8
289,16-18 Ada St,Roslindale,MA,2131,-71.12244076,42.28097962,TH,TH,6
290,20 Ada St,Roslindale,MA,2131,-71.12260077,42.28087962,TH,TH,6
291,24 Ada St,Roslindale,MA,2131,-71.12272077,42.28077962,TH,TH,6
292,12-14 Adair Rd,Brighton,MA,2135,-71.16694548,42.35196622,M,M,4
293,16-18 Adair Rd,Brighton,MA,2135,-71.1669207,42.35207466,M,M,4
294,20-22 Adair Rd,Brighton,MA,2135,-71.1669087,42.35221566,M,M,4
295,24-26 Adair Rd,Brighton,MA,2135,-71.1669087,42.35232466,M,M,4
296,24 Adair Rd,Brighton,MA,2135,-71.1669087,42.35232466,M,M,4
297,26 Adair Rd,Brighton,MA,2135,-71.1669107,42.35234966,M,M,4
298,28 Adair Rd,Brighton,MA,2135,-71.1668807,42.35247966,M,M,4
299,32-34 Adair Rd,Brighton,MA,2135,-71.1669007,42.35261266,M,M,4
300,36 Adair Rd,Brighton,MA,2135,-71.1668907,42.35277966,M,M,4
301,38-40 Adair Rd,Brighton,MA,2135,-71.1668907,42.35293966,M,M,4
302,7 Adair Rd,Brighton,MA,2135,-71.1665307,42.35199966,M,M,4
303,8 Adair Rd,Brighton,MA,2135,-71.16691071,42.35181966,M,M,4
306,1 Adams St,Charlestown,MA,2129,-71.06004041,42.37483952,W1A,W,1A
307,10 Adams St,Charlestown,MA,2129,-71.05936241,42.37452552,W1A,W,1A
308,11 Adams St,Charlestown,MA,2129,-71.05929041,42.37448952,W1A,W,1A
309,12 Adams St,Charlestown,MA,2129,-71.05922541,42.37445952,W1A,W,1A
310,13 Adams St,Charlestown,MA,2129,-71.05915741,42.37442052,W1A,W,1A
311,14-18 Adams St,Charlestown,MA,2129,-71.05921441,42.37418052,W1A,W,1A
312,2 Adams St,Charlestown,MA,2129,-71.05998889,42.374783,W1A,W,1A
313,2 Adams St #1,Charlestown,MA,2129,-71.05999041,42.37478357,W1A,W,1A
314,2 Adams St #2,Charlestown,MA,2129,-71.05999195,42.37478076,W1A,W,1A
315,2 Adams St #3,Charlestown,MA,2129,-71.05999268,42.37478527,W1A,W,1A
316,20 Adams St,Charlestown,MA,2129,-71.05905641,42.37415952,W1A,W,1A
317,20 Adams St #1,Charlestown,MA,2129,-71.05905641,42.37415952,W1A,W,1A
318,20 Adams St #2,Charlestown,MA,2129,-71.05905641,42.37415952,W1A,W,1A
319,20 Adams St #3,Charlestown,MA,2129,-71.05905641,42.37415952,W1A,W,1A
320,26 Adams St,Charlestown,MA,2129,-71.05856141,42.37420552,W1A,W,1A
321,28 Adams St,Charlestown,MA,2129,-71.05849341,42.37421252,W1A,W,1A
322,3 Adams St,Charlestown,MA,2129,-71.05991767,42.37474042,W1A,W,1A
323,4 Adams St,Charlestown,MA,2129,-71.05980641,42.37473752,W1A,W,1A
324,4 Adams St #1,Charlestown,MA,2129,-71.05980641,42.37473752,W1A,W,1A
325,4 Adams St #2,Charlestown,MA,2129,-71.05980641,42.37473752,W1A,W,1A
326,5 Adams St,Charlestown,MA,2129,-71.05973041,42.37469952,W1A,W,1A
327,6 Adams St,Charlestown,MA,2129,-71.05965041,42.37465952,W1A,W,1A
328,7 Adams St,Charlestown,MA,2129,-71.05957641,42.37462652,W1A,W,1A
329,8 Adams St,Charlestown,MA,2129,-71.05950241,42.37459252,W1A,W,1A
330,9 Adams St,Charlestown,MA,2129,-71.05942741,42.37455652,W1A,W,1A
331,9 Adams St #1,Charlestown,MA,2129,-71.05942741,42.37455652,W1A,W,1A
332,9 Adams St #2,Charlestown,MA,2129,-71.05942741,42.37455652,W1A,W,1A
333,9 Adams St #3,Charlestown,MA,2129,-71.05942741,42.37455652,W1A,W,1A
337,11 Adams St,Hyde Park,MA,2136,-71.12945084,42.25241963,W,W,8
338,14 Adams St,Hyde Park,MA,2136,-71.12890184,42.25246763,W,W,8
339,15 Adams St,Hyde Park,MA,2136,-71.12932066,42.25235436,W,W,8
340,16-18 Adams St,Hyde Park,MA,2136,-71.12878484,42.25240263,W,W,8
341,17 Adams St,Hyde Park,MA,2136,-71.12916673,42.25224452,W,W,8
342,19 Adams St,Hyde Park,MA,2136,-71.12899084,42.25218963,W,W,8
343,4 Adams St,Hyde Park,MA,2136,-71.12927584,42.25287063,W,W,8
344,6 Adams St,Hyde Park,MA,2136,-71.12910084,42.25260963,W,W,8
345,9 Adams St,Hyde Park,MA,2136,-71.12964084,42.25250963,W,W,8
346,10-28 Adams St,Roxbury,MA,2119,-71.07561055,42.32905055,MTH,MTH,10
347,32-48 Adams St,Roxbury,MA,2119,-71.07623055,42.32854955,MTH,MTH,10
348,54 Adams St,Roxbury,MA,2119,-71.07697918,42.32800058,MTH,MTH,10
349,56 Adams St,Roxbury,MA,2119,-71.07704207,42.32795748,MTH,MTH,10
355,10 Adams Ter,Dorchester,MA,2122,-71.05682058,42.29534952,F,F,7
356,6-8 Adams Ter,Dorchester,MA,2122,-71.05648758,42.29542552,F,F,7
357,7 Adams Ter,Dorchester,MA,2122,-71.05676058,42.29555952,F,F,7
358,9 Adams Ter,Dorchester,MA,2122,-71.05691058,42.29553952,F,F,7
385,1001 Adams St,Dorchester,MA,2124,-71.06093063,42.27689953,TH,TH,7
387,104 Adams St,Dorchester,MA,2122,-71.06129057,42.30527953,W,W,3
389,1041 Adams St,Dorchester,MA,2124,-71.06165064,42.27571953,TH,TH,7
390,1044 Adams St,Dorchester,MA,2124,-71.06134064,42.27540953,TH,TH,7
391,1045 Adams St,Dorchester,MA,2124,-71.06175064,42.27560953,TH,TH,7
392,1046 Adams St,Dorchester,MA,2124,-71.06143064,42.27527953,TH,TH,7
393,1049 Adams St,Dorchester,MA,2124,-71.06194064,42.27549953,TH,TH,7
394,1050 Adams St,Dorchester,MA,2124,-71.06154064,42.27512953,TH,TH,7
395,1051 Adams St,Dorchester,MA,2124,-71.06224064,42.27510953,TH,TH,7
396,1058 Adams St,Dorchester,MA,2124,-71.06173364,42.27497353,TH,TH,7
397,1066 Adams St,Dorchester,MA,2124,-71.06189064,42.27477953,TH,TH,7
398,1066 Adams St #1,Dorchester,MA,2124,-71.06189064,42.27477953,TH,TH,7
399,1066 Adams St #2,Dorchester,MA,2124,-71.06189064,42.27477953,TH,TH,7
400,107 Adams St,Dorchester,MA,2122,-71.06168057,42.30517953,W,W,3
401,1070 Adams St,Dorchester,MA,2124,-71.06198764,42.27468753,TH,TH,7
402,1071 Adams St,Dorchester,MA,2124,-71.06239064,42.27494953,TH,TH,7
403,1074 Adams St,Dorchester,MA,2124,-71.06211064,42.27460953,TH,TH,7
404,1075 Adams St,Dorchester,MA,2124,-71.06255064,42.27481953,TH,TH,7
405,1076 Adams St,Dorchester,MA,2124,-71.06217064,42.27447953,TH,TH,7
406,1078 Adams St,Dorchester,MA,2124,-71.06221064,42.27443953,TH,TH,7
407,1079 Adams St,Dorchester,MA,2124,-71.06270064,42.27463953,TH,TH,7
408,108 Adams St,Dorchester,MA,2122,-71.06118057,42.30514953,W,W,3
409,1080 Adams St,Dorchester,MA,2124,-71.06232064,42.27435953,TH,TH,7
410,1084 Adams St,Dorchester,MA,2124,-71.06243764,42.27421153,TH,TH,7
411,1086 Adams St,Dorchester,MA,2124,-71.06225064,42.27390953,TH,TH,7
412,1089 Adams St,Dorchester,MA,2124,-71.06296064,42.27443953,TH,TH,7
413,109 Adams St #1,Dorchester,MA,2122,-71.06165657,42.30509253,W,W,3
414,109 Adams St #2,Dorchester,MA,2122,-71.06165657,42.30509253,W,W,3
415,109 Adams St #3,Dorchester,MA,2122,-71.06165657,42.30509253,W,W,3
416,1090 Adams St,Dorchester,MA,2124,-71.06266064,42.27401953,TH,TH,7
417,1094 Adams St,Dorchester,MA,2124,-71.06276065,42.27392953,TH,TH,7
418,1098 Adams St,Dorchester,MA,2124,-71.06289065,42.27384953,TH,TH,7
419,11 Adams St,Dorchester,MA,2122,-71.06366057,42.30779953,W,W,3
420,1101 Adams St,Dorchester,MA,2124,-71.06317065,42.27416953,TH,TH,7
421,1103 Adams St,Dorchester,MA,2124,-71.06333465,42.27400853,TH,TH,7
422,1104 Adams St,Dorchester,MA,2124,-71.06307065,42.27368953,TH,TH,7
423,1108 Adams St,Dorchester,MA,2124,-71.06319065,42.27360953,TH,TH,7
424,1109 Adams St,Dorchester,MA,2124,-71.06359065,42.27386953,TH,TH,7
425,1112 Adams St,Dorchester,MA,2124,-71.06339065,42.27343953,TH,TH,7
426,1115 Adams St,Dorchester,MA,2124,-71.06368065,42.27373953,TH,TH,7
427,1119 Adams St,Dorchester,MA,2124,-71.06384065,42.27365953,TH,TH,7
428,112 Adams St,Dorchester,MA,2122,-71.06113057,42.30503953,W,W,3
429,1120 Adams St,Dorchester,MA,2124,-71.06360065,42.27329953,TH,TH,7
430,1122 Adams St,Dorchester,MA,2124,-71.06378065,42.27318953,TH,TH,7
431,1134 Adams St,Dorchester,MA,2124,-71.06410065,42.27307954,TH,TH,7
432,1137 Adams St,Dorchester,MA,2124,-71.06449065,42.27330954,TH,TH,7
433,1138 Adams St,Dorchester,MA,2124,-71.06426065,42.27295954,TH,TH,7
434,1144 Adams St,Dorchester,MA,2124,-71.06445065,42.27288954,TH,TH,7
435,1144 Adams St #1,Dorchester,MA,2124,-71.06445065,42.27288954,TH,TH,7
436,1144 Adams St #2,Dorchester,MA,2124,-71.06445065,42.27288954,TH,TH,7
437,1147 Adams St,Dorchester,MA,2124,-71.06485065,42.27318854,TH,TH,7
438,1148 Adams St,Dorchester,MA,2124,-71.06470065,42.27275954,TH,TH,7
439,115 Adams St,Dorchester,MA,2122,-71.06145324,42.30483688,W,W,3
440,1150 Adams St,Dorchester,MA,2124,-71.06488065,42.27272954,TH,TH,7
441,1154-1156 Adams St,Dorchester,MA,2124,-71.06506065,42.27267754,TH,TH,7
442,1157 Adams St,Dorchester,MA,2124,-71.06517464,42.27297349,TH,TH,7
444,1158 Adams St,Dorchester,MA,2124,-71.06522765,42.27262654,TH,TH,7
445,116 Adams St,Dorchester,MA,2122,-71.06109057,42.30492953,W,W,3
446,1161 Adams St,Dorchester,MA,2124,-71.06565966,42.27281888,TH,TH,7
447,1162-1164 Adams St,Dorchester,MA,2124,-71.06541265,42.27257854,TH,TH,7
448,1166-1168 Adams St,Dorchester,MA,2124,-71.06560065,42.27251954,TH,TH,7
450,1173 Adams St,Dorchester,MA,2124,-71.06603322,42.27272438,TH,TH,7
451,1185 Adams St,Dorchester,MA,2124,-71.06654066,42.27256954,TH,TH,7
452,1185 Adams St #1,Dorchester,MA,2124,-71.06654066,42.27256954,TH,TH,7
453,1185 Adams St #2,Dorchester,MA,2124,-71.06654066,42.27256954,TH,TH,7
454,1185 Adams St #3,Dorchester,MA,2124,-71.06654066,42.27256954,TH,TH,7
455,1185 Adams St #4,Dorchester,MA,2124,-71.06654066,42.27256954,TH,TH,7
456,1185 Adams St #5,Dorchester,MA,2124,-71.06654066,42.27256954,TH,TH,7
457,1185 Adams St #6,Dorchester,MA,2124,-71.06654066,42.27256954,TH,TH,7
458,1185 Adams St #7,Dorchester,MA,2124,-71.06654066,42.27256954,TH,TH,7
459,1185 Adams St #8,Dorchester,MA,2124,-71.06654066,42.27256954,TH,TH,7
460,1185 Adams St #9,Dorchester,MA,2124,-71.06654066,42.27256954,TH,TH,7
461,1185 Adams St #10,Dorchester,MA,2124,-71.06654066,42.27256954,TH,TH,7
462,1185 Adams St #11,Dorchester,MA,2124,-71.06654066,42.27256954,TH,TH,7
463,1185 Adams St #12,Dorchester,MA,2124,-71.06654066,42.27256954,TH,TH,7
464,1185 Adams St #14,Dorchester,MA,2124,-71.06654066,42.27256954,TH,TH,7
465,1185 Adams St #15,Dorchester,MA,2124,-71.06654066,42.27256954,TH,TH,7
466,1185 Adams St #16,Dorchester,MA,2124,-71.06654066,42.27256954,TH,TH,7
467,1185 Adams St #17,Dorchester,MA,2124,-71.06654066,42.27256954,TH,TH,7
469,1190 Adams St,Dorchester,MA,2124,-71.06612066,42.27192954,TH,TH,7
470,1197 Adams St,Dorchester,MA,2124,-71.06691066,42.27246954,TH,TH,7
471,120 Adams St,Dorchester,MA,2122,-71.06104057,42.30481953,W,W,3
472,1200 Adams St,Dorchester,MA,2124,-71.06715066,42.27203954,TH,TH,7
473,1203-1205 Adams St,Dorchester,MA,2124,-71.06729166,42.27245454,TH,TH,7
476,1213-1215 Adams St,Dorchester,MA,2124,-71.06779066,42.27246954,TH,TH,7
477,1220-1230 Adams St,Dorchester,MA,2124,-71.06769189,42.27182166,TH,TH,7
478,1231 Adams St,Mattapan,MA,2124,-71.06844051,42.27181351,W,W,7
479,1239 Adams St,Mattapan,MA,2126,-71.06845466,42.27183054,W,W,7
480,124 Adams St,Dorchester,MA,2122,-71.06101057,42.30471953,W,W,3
481,1241-1251 Adams St,Mattapan,MA,2126,-71.06943767,42.27132554,W,W,7
488,1241-1251 Adams St #F108,Mattapan,MA,2126,-71.06943767,42.27132554,W,W,7
497,1241-1251 Adams St #F205,Mattapan,MA,2126,-71.06942342,42.27130692,W,W,7
502,1241-1251 Adams St #F210,Mattapan,MA,2126,-71.06945216,42.27132608,W,W,7
529,1241-1251 Adams St #F411,Mattapan,MA,2126,-71.06943767,42.27132554,W,W,7
567,1241-1251 Adams St #PM206,Mattapan,MA,2126,-71.06943767,42.27132554,W,W,7
580,1245 Adams St,Mattapan,MA,2124,-71.06860924,42.27110928,W,W,7
581,128-136 Adams St,Dorchester,MA,2122,-71.06094057,42.30449953,TH,TH,3
582,138 Adams St,Dorchester,MA,2122,-71.06080057,42.30421953,TH,TH,3
583,140A Adams St,Dorchester,MA,2122,-71.06076057,42.30410953,TH,TH,3
584,142 Adams St,Dorchester,MA,2122,-71.06070057,42.30400953,TH,TH,3
586,15 Adams St,Dorchester,MA,2122,-71.06359057,42.30771953,W,W,3
587,150 Adams St,Dorchester,MA,2122,-71.06055057,42.30367953,TH,TH,3
588,157 Adams St,Dorchester,MA,2122,-71.06092058,42.30343953,TH,TH,3
591,159 Adams St,Dorchester,MA,2122,-71.06089058,42.30335953,TH,TH,3
592,161 Adams St,Dorchester,MA,2122,-71.06085058,42.30324953,TH,TH,3
593,174 Adams St,Dorchester,MA,2122,-71.06024568,42.30327303,TH,TH,3
594,175 Adams St,Dorchester,MA,2122,-71.06079058,42.30285953,T,T,3
595,178 Adams St,Dorchester,MA,2122,-71.06013733,42.30303244,TH,TH,3
596,180 Adams St,Dorchester,MA,2122,-71.06023058,42.30289953,TH,TH,3
597,184 Adams St,Dorchester,MA,2122,-71.06017058,42.30281953,TH,TH,3
598,186 Adams St,Dorchester,MA,2122,-71.06012057,42.30266953,TH,TH,3
599,19 Adams St,Dorchester,MA,2122,-71.06340057,42.30759953,W,W,3
600,190 Adams St,Dorchester,MA,2122,-71.06013058,42.30255953,TH,TH,3
602,192 Adams St,Dorchester,MA,2122,-71.06010058,42.30248953,TH,TH,3
603,194 Adams St,Dorchester,MA,2122,-71.06008058,42.30240953,TH,TH,3
604,195-207 Adams St,Dorchester,MA,2122,-71.06025858,42.30197353,TH,TH,3
605,196 Adams St,Dorchester,MA,2122,-71.05999058,42.30234953,TH,TH,3
606,198 Adams St,Dorchester,MA,2122,-71.06000058,42.30223953,TH,TH,3
608,21 Adams St,Dorchester,MA,2122,-71.06329057,42.30757953,W,W,3
609,215 Adams St,Dorchester,MA,2122,-71.06007058,42.30155953,TH,TH,3
610,219-223 Adams St,Dorchester,MA,2122,-71.06004922,42.30147642,TH,TH,3
611,23 Adams St,Dorchester,MA,2122,-71.06321057,42.30751953,W,W,3
612,234 Adams St,Dorchester,MA,2122,-71.05903058,42.30106353,TH,TH,3
614,235 Adams St,Dorchester,MA,2122,-71.05955658,42.30089653,TH,TH,3
615,241 Adams St,Dorchester,MA,2122,-71.05951058,42.30076953,TH,TH,3
616,248 Adams St,Dorchester,MA,2122,-71.05899158,42.30081853,TH,TH,3
617,249-257 Adams St,Dorchester,MA,2122,-71.05937758,42.30055853,TH,TH,3
618,252-254 Adams St,Dorchester,MA,2122,-71.05896058,42.30055953,TH,TH,3
619,256 Adams St,Dorchester,MA,2122,-71.05888058,42.30042953,TH,TH,3
620,261 Adams St,Dorchester,MA,2122,-71.05921058,42.30016953,F,F,7
621,263 Adams St,Dorchester,MA,2122,-71.05918058,42.30001953,F,F,7
622,264-270 Adams St,Dorchester,MA,2122,-71.05873421,42.30013007,F,F,7
623,272 Adams St,Dorchester,MA,2122,-71.05800758,42.29995552,F,F,7
